Site,Category,Item,Branch config key,Branch value,Combined value (SITE_PROFILE),Status,Priority,Notes
kupwara,Config,id_lookup_workflow,(combined profile only),helpers/aadhar_lookup_helper.py; templates/aadhar_lookup.html,'kupwara',Combined only,P2,
kupwara,Config,app_title,APP_TITLE,'Vajr Entry Management System','Vajr Entry Management System',Match,,
kupwara,Config,logo_path,APP_LOGO_PATH,'images/vajr-28-div-logo.jpeg','images/vajr-28-div-logo.jpeg',Match,,
kupwara,Config,visitor_categories,VISITOR_CATEGORIES,"['PASS HOLDER', 'PERMISSION', 'CIVILIAN', 'GUEST', 'OTHERS']","['PASS HOLDER', 'PERMISSION', 'CIVILIAN', 'GUEST', 'OTHERS']",Match,,
kupwara,Config,id_lookup_categories,ID_LOOKUP_CATEGORIES,"['AADHAR', 'DRIVERS LICENSE', 'PASS']","['AADHAR', 'DRIVERS LICENSE', 'PASS']",Match,,
kupwara,Config,allowed_id_types_by_visitor,(combined profile only),helpers/aadhar_lookup_helper.py; templates/aadhar_lookup.html; helpers/unknown_person_helper.py,"{'PASS HOLDER': ['AADHAR', 'DRIVERS LICENSE', 'PASS'], 'PERMISSION': ['AADHAR', 'DRIVERS LICENSE'], 'CIVILIAN': ['AADHAR', 'DRIVERS LICENSE'], 'GUEST': ['AADHAR', 'DRIVERS LICENSE'], 'OTHERS': ['AADHAR', 'DRIVERS LICENSE']}",Combined only,P2,
kupwara,Config,unknown_person_page_fields,(combined profile only),templates/unknown_person.html; helpers/unknown_person_helper.py,"{'capture_sides': ['front', 'back'], 'purpose_input': 'text', 'require_dl_for': []}",Combined only,P2,
kupwara,Config,trip_duration_default_hours,(combined profile only),templates/add_trip.html,1,Combined only,P2,
kupwara,Config,face_match_confidence,FACE_MATCH_CONFIDENCE,0.7,0.7,Match,,
kupwara,Config,summary_table_by_visitor_type,SUMMARY_TABLE_BY_VISITOR_TYPE,True,True,Match,,
kupwara,Config,summary_table_by_men_women,SUMMARY_TABLE_BY_MEN_WOMEN,True,True,Match,,
kupwara,Config,trip_closure_mode,(combined profile only),helpers/get_unfinished_trips_helper.py; templates/close_trip.html,'manual',Combined only,P2,
kupwara,Config,vehicle_types,VEHICLE_TYPES,(not set),[],Combined only,P2,
kupwara,Config,vehicle_categories,VEHICLE_CATEGORIES,(not set),[],Combined only,P2,
ncpass,Config,id_lookup_workflow,(combined profile only),helpers/aadhar_lookup_helper.py; templates/aadhar_lookup.html,'ncpass',Combined only,P2,
ncpass,Config,app_title,APP_TITLE,'SM Hill Visitor Management System','SM Hill Visitor Management System',Match,,
ncpass,Config,logo_path,APP_LOGO_PATH,'images/7RR-Logo.jpeg','images/7RR-Logo.jpeg',Match,,
ncpass,Config,visitor_categories,VISITOR_CATEGORIES,"['DRIVER', 'PASSENGER']","['DRIVER', 'PASSENGER']",Match,,
ncpass,Config,id_lookup_categories,ID_LOOKUP_CATEGORIES,['AADHAR'],['AADHAR'],Match,,
ncpass,Config,allowed_id_types_by_visitor,(combined profile only),helpers/aadhar_lookup_helper.py; templates/aadhar_lookup.html; helpers/unknown_person_helper.py,"{'DRIVER': ['AADHAR'], 'PASSENGER': ['AADHAR']}",Combined only,P2,
ncpass,Config,unknown_person_page_fields,(combined profile only),templates/unknown_person.html; helpers/unknown_person_helper.py,"{'capture_sides': ['front', 'back'], 'purpose_input': 'select', 'require_dl_for': ['DRIVER']}",Combined only,P2,
ncpass,Config,trip_duration_default_hours,(combined profile only),templates/add_trip.html,12,Combined only,P2,
ncpass,Config,face_match_confidence,FACE_MATCH_CONFIDENCE,0.7,0.7,Match,,
ncpass,Config,summary_table_by_visitor_type,SUMMARY_TABLE_BY_VISITOR_TYPE,True,True,Match,,
ncpass,Config,summary_table_by_men_women,SUMMARY_TABLE_BY_MEN_WOMEN,True,False,Different,P1,
ncpass,Config,trip_closure_mode,(combined profile only),helpers/get_unfinished_trips_helper.py; templates/close_trip.html,'manual',Combined only,P2,
ncpass,Config,vehicle_types,VEHICLE_TYPES,"['LOCAL', 'TOURIST']","['LOCAL', 'TOURIST']",Match,,
ncpass,Config,vehicle_categories,VEHICLE_CATEGORIES,"['LIGHT VEHICLE', 'HEAVY VEHICLE', 'AMBULANCE', 'LD CARRIER']","['LIGHT VEHICLE', 'HEAVY VEHICLE', 'AMBULANCE', 'LD CARRIER']",Match,,
ganganagar,Config,id_lookup_workflow,(combined profile only),helpers/aadhar_lookup_helper.py; templates/aadhar_lookup.html,'ganganagar',Combined only,P2,
ganganagar,Config,app_title,APP_TITLE,'Amogh Entry Management System','Amogh Entry Management System',Match,,
ganganagar,Config,logo_path,APP_LOGO_PATH,'images/amogh-ganganagar-logo.png','images/amogh-ganganagar-logo.png',Match,,
ganganagar,Config,visitor_categories,VISITOR_CATEGORIES,"['PASS HOLDER', 'TEACHER', 'PERMISSION', 'CIVILIAN', 'GUEST', 'MES', 'LABOUR', 'OTHERS']","['PASS HOLDER', 'TEACHER', 'PERMISSION', 'CIVILIAN', 'GUEST', 'MES', 'LABOUR', 'OTHERS']",Match,,
ganganagar,Config,id_lookup_categories,ID_LOOKUP_CATEGORIES,"['AADHAR', 'DRIVERS LICENSE', 'PASS']","['AADHAR', 'DRIVERS LICENSE', 'PASS']",Match,,
ganganagar,Config,allowed_id_types_by_visitor,(combined profile only),helpers/aadhar_lookup_helper.py; templates/aadhar_lookup.html; helpers/unknown_person_helper.py,"{'PASS HOLDER': ['AADHAR', 'DRIVERS LICENSE', 'PASS'], 'TEACHER': ['PASS'], 'PERMISSION': ['AADHAR', 'DRIVERS LICENSE'], 'CIVILIAN': ['AADHAR', 'DRIVERS LICENSE'], 'GUEST': ['AADHAR', 'DRIVERS LICENSE'], 'MES': ['AADHAR', 'DRIVERS LICENSE'], 'LABOUR': ['AADHAR', 'DRIVERS LICENSE'], 'OTHERS': ['AADHAR', 'DRIVERS LICENSE']}",Combined only,P2,
ganganagar,Config,unknown_person_page_fields,(combined profile only),templates/unknown_person.html; helpers/unknown_person_helper.py,"{'capture_sides': ['front', 'back'], 'purpose_input': 'text', 'require_dl_for': []}",Combined only,P2,
ganganagar,Config,trip_duration_default_hours,(combined profile only),templates/add_trip.html,1,Combined only,P2,
ganganagar,Config,face_match_confidence,FACE_MATCH_CONFIDENCE,0.7,0.7,Match,,
ganganagar,Config,summary_table_by_visitor_type,SUMMARY_TABLE_BY_VISITOR_TYPE,True,True,Match,,
ganganagar,Config,summary_table_by_men_women,SUMMARY_TABLE_BY_MEN_WOMEN,True,True,Match,,
ganganagar,Config,trip_closure_mode,(combined profile only),../auto_close/auto_close.py; helpers/get_unfinished_trips_helper.py; templates/close_trip.html,'manual_and_anpr',Combined only,P2,
ganganagar,Config,vehicle_types,VEHICLE_TYPES,(not set),[],Combined only,P2,
ganganagar,Config,vehicle_categories,VEHICLE_CATEGORIES,(not set),[],Combined only,P2,
tangdhar,Config,id_lookup_workflow,(combined profile only),helpers/aadhar_lookup_helper.py; templates/aadhar_lookup.html,'kupwara',Combined only,P2,
tangdhar,Config,app_title,APP_TITLE,'Shakti Vijay Entry Management System','Shakti Vijay Entry Management System',Match,,
tangdhar,Config,logo_path,APP_LOGO_PATH,'images/shakti-vijay-logo.jpeg','images/shakti-vijay-logo.jpeg',Match,,
tangdhar,Config,visitor_categories,VISITOR_CATEGORIES,"['PASS HOLDER', 'PERMISSION', 'CIVILIAN', 'GUEST', 'OTHERS']","['PASS HOLDER', 'PERMISSION', 'CIVILIAN', 'GUEST', 'OTHERS']",Match,,
tangdhar,Config,id_lookup_categories,ID_LOOKUP_CATEGORIES,"['AADHAR', 'DRIVERS LICENSE', 'PASS']","['AADHAR', 'DRIVERS LICENSE', 'PASS']",Match,,
tangdhar,Config,allowed_id_types_by_visitor,(combined profile only),helpers/aadhar_lookup_helper.py; templates/aadhar_lookup.html; helpers/unknown_person_helper.py,"{'PASS HOLDER': ['AADHAR', 'DRIVERS LICENSE', 'PASS'], 'PERMISSION': ['AADHAR', 'DRIVERS LICENSE'], 'CIVILIAN': ['AADHAR', 'DRIVERS LICENSE'], 'GUEST': ['AADHAR', 'DRIVERS LICENSE'], 'OTHERS': ['AADHAR', 'DRIVERS LICENSE']}",Combined only,P2,
tangdhar,Config,unknown_person_page_fields,(combined profile only),templates/unknown_person.html; helpers/unknown_person_helper.py,"{'capture_sides': ['front', 'back'], 'purpose_input': 'text', 'require_dl_for': []}",Combined only,P2,
tangdhar,Config,trip_duration_default_hours,(combined profile only),templates/add_trip.html,1,Combined only,P2,
tangdhar,Config,face_match_confidence,FACE_MATCH_CONFIDENCE,0.7,0.7,Match,,
tangdhar,Config,summary_table_by_visitor_type,SUMMARY_TABLE_BY_VISITOR_TYPE,True,True,Match,,
tangdhar,Config,summary_table_by_men_women,SUMMARY_TABLE_BY_MEN_WOMEN,True,True,Match,,
tangdhar,Config,trip_closure_mode,(combined profile only),helpers/get_unfinished_trips_helper.py; templates/close_trip.html,'manual',Combined only,P2,
tangdhar,Config,vehicle_types,VEHICLE_TYPES,(not set),[],Combined only,P2,
tangdhar,Config,vehicle_categories,VEHICLE_CATEGORIES,(not set),[],Combined only,P2,
