Site,Category,Relative path (branch),Combined compare path,Status,Priority,Notes
ganganagar,Python,__init__.py,__init__.py,Different,P0,
ganganagar,Other,babel.cfg,babel.cfg,Match,,
ganganagar,Other,censusparkingsolution-bb6329d2bd0d.json,(no combined file),Missing in combined,P1,
ganganagar,Python,compreface.py,compreface.py,Match,,
ganganagar,Python,customException.py,customException.py,Match,,
ganganagar,Python,errors.py,errors.py,Different,P1,
ganganagar,Python,helpers/aadhar_lookup_helper.py,helpers/aadhar_lookup_helper.py,Different,P0,
ganganagar,Python,helpers/auth_helper.py,helpers/auth_helper.py,Different,P0,
ganganagar,Python,helpers/autocomplete_trips_helper.py,helpers/autocomplete_trips_helper.py,Match,,
ganganagar,Python,helpers/autocomplete_vehicles_helper.py,helpers/autocomplete_vehicles_helper.py,Match,,
ganganagar,Python,helpers/blacklist_alert_helper.py,helpers/blacklist_alert_helper.py,Match,,
ganganagar,Python,helpers/blacklisted_persons_list_helper.py,helpers/blacklisted_persons_list_helper.py,Different,P0,
ganganagar,Python,helpers/enroll_blacklisted_person_helper.py,helpers/enroll_blacklisted_person_helper.py,Different,P0,
ganganagar,Python,helpers/get_unfinished_trips_helper.py,helpers/get_unfinished_trips_helper.py,Match,,
ganganagar,Python,helpers/home_helper.py,helpers/home_helper.py,Match,,
ganganagar,Python,helpers/known_person_helper.py,helpers/known_person_helper.py,Different,P0,
ganganagar,Python,helpers/known_vehicle_helper.py,site_workflows/ganganagar/known_vehicle_helper.py,Different,P0,
ganganagar,Python,helpers/make_trip_summary_helper.py,helpers/make_trip_summary_helper.py,Different,P0,
ganganagar,Python,helpers/manual_face_verification_helper.py,helpers/manual_face_verification_helper.py,Match,,
ganganagar,Python,helpers/ocr_helper.py,(no combined file),Missing in combined,P1,
ganganagar,Python,helpers/person_lookup_helper.py,site_workflows/ganganagar/person_lookup_helper.py,Match,,
ganganagar,Python,helpers/person_report_helper.py,site_workflows/ganganagar/person_report_helper.py,Match,,
ganganagar,Python,helpers/recognize_person_helper.py,helpers/recognize_person_helper.py,Match,,
ganganagar,Python,helpers/recognize_vehicle_helper.py,site_workflows/ganganagar/recognize_vehicle_helper.py,Match,,
ganganagar,Python,helpers/report_home_helper.py,site_workflows/ganganagar/report_home_helper.py,Match,,
ganganagar,Python,helpers/reregister_face_helper.py,helpers/reregister_face_helper.py,Different,P0,
ganganagar,Python,helpers/stop_processing_helper.py,helpers/stop_processing_helper.py,Different,P0,
ganganagar,Python,helpers/trip_registration_helper.py,site_workflows/ganganagar/trip_registration_helper.py,Match,,
ganganagar,Python,helpers/trip_report_helper.py,helpers/trip_report_helper.py,Match,,
ganganagar,Python,helpers/trips_helper.py,helpers/trips_helper.py,Different,P0,
ganganagar,Python,helpers/unknown_person_helper.py,helpers/unknown_person_helper.py,Different,P0,
ganganagar,Python,helpers/unknown_vehicle_helper.py,site_workflows/ganganagar/unknown_vehicle_helper.py,Different,P0,
ganganagar,Python,helpers/vehicle_helper.py,helpers/vehicle_helper.py,Different,P0,
ganganagar,Python,helpers/vehicle_report_helper.py,site_workflows/ganganagar/vehicle_report_helper.py,Match,,
ganganagar,Other,messages.pot,messages.pot,Different,P1,
ganganagar,Python,redisCommands.py,redisCommands.py,Different,P1,
ganganagar,Python,reports_blueprint.py,reports_blueprint.py,Match,,
ganganagar,Python,routeMethods.py,routeMethods.py,Different,P1,
ganganagar,Python,routes.py,routes.py,Different,P1,
ganganagar,Python,sqlCommands.py,sqlCommands.py,Different,P1,
ganganagar,Other,static/css/OpenSans-Light.ttf,static/css/OpenSans-Light.ttf,Match,,
ganganagar,Other,static/css/bootstrap.css.map,static/css/bootstrap.css.map,Match,,
ganganagar,Static,static/css/bootstrap.min.css,static/css/bootstrap.min.css,Match,,
ganganagar,Static,static/css/bootstrap.min.js,static/css/bootstrap.min.js,Match,,
ganganagar,Static,static/css/buttons.dataTables.min.css,static/css/buttons.dataTables.min.css,Match,,
ganganagar,Static,static/css/dataTables.bootstrap.css,static/css/dataTables.bootstrap.css,Match,,
ganganagar,Static,static/css/daterangepicker.css,static/css/daterangepicker.css,Match,,
ganganagar,Static,static/css/font-awesome.min.css,static/css/font-awesome.min.css,Match,,
ganganagar,Static,static/css/jquery-ui.css,static/css/jquery-ui.css,Match,,
ganganagar,Static,static/css/media.css,static/css/media.css,Match,,
ganganagar,Static,static/css/style.css,static/css/style.css,Different,P1,
ganganagar,Other,static/images/uploads/upload_2024-07-17-02-28-17.600491.png,(no combined file),Missing in combined,P1,
ganganagar,Other,static/images/uploads/upload_2024-07-18-01-03-06.191075.png,(no combined file),Missing in combined,P1,
ganganagar,Other,static/images/uploads/upload_2026-08-12-12-15-07.615284.png,(no combined file),Missing in combined,P1,
ganganagar,Other,static/images/uploads/upload_2026-08-12-12-15-45.048460.png,(no combined file),Missing in combined,P1,
ganganagar,Other,static/images/uploads/upload_2026-08-12-12-20-12.150839.png,(no combined file),Missing in combined,P1,
ganganagar,Other,static/images/uploads/upload_2026-08-12-12-24-13.047453.png,(no combined file),Missing in combined,P1,
ganganagar,Static,static/js/additional-methods.min.js,static/js/additional-methods.min.js,Match,,
ganganagar,Static,static/js/additional-validation-methods.js,static/js/additional-validation-methods.js,Match,,
ganganagar,Static,static/js/autocomplete.js,static/js/autocomplete.js,Match,,
ganganagar,Static,static/js/bootstrap-colorpicker.min.js,static/js/bootstrap-colorpicker.min.js,Match,,
ganganagar,Static,static/js/bootstrap-datepicker.js,static/js/bootstrap-datepicker.js,Match,,
ganganagar,Static,static/js/bootstrap-datetimepicker.js,static/js/bootstrap-datetimepicker.js,Match,,
ganganagar,Static,static/js/bootstrap-tagsinput.js,static/js/bootstrap-tagsinput.js,Match,,
ganganagar,Static,static/js/bootstrap.min.js,static/js/bootstrap.min.js,Match,,
ganganagar,Other,static/js/bootstrap.min.js.download,static/js/bootstrap.min.js.download,Match,,
ganganagar,Static,static/js/buttons.html5.min.js,static/js/buttons.html5.min.js,Match,,
ganganagar,Static,static/js/buttons.print.min.js,static/js/buttons.print.min.js,Match,,
ganganagar,Static,static/js/clockpicker.js,static/js/clockpicker.js,Match,,
ganganagar,Static,static/js/cropper.min.js,static/js/cropper.min.js,Match,,
ganganagar,Static,static/js/dataTables.buttons.min.js,static/js/dataTables.buttons.min.js,Match,,
ganganagar,Static,static/js/dataTables.editor.min.js,static/js/dataTables.editor.min.js,Match,,
ganganagar,Static,static/js/datatables.min.js,static/js/datatables.min.js,Match,,
ganganagar,Other,static/js/datatables.min.js.download,static/js/datatables.min.js.download,Match,,
ganganagar,Static,static/js/daterangepicker.js,static/js/daterangepicker.js,Match,,
ganganagar,Static,static/js/face-api.js,static/js/face-api.js,Match,,
ganganagar,Static,static/js/face-api.min.js,static/js/face-api.min.js,Match,,
ganganagar,Static,static/js/faceapi-script.js,static/js/faceapi-script.js,Match,,
ganganagar,Static,static/js/highcharts.js,static/js/highcharts.js,Match,,
ganganagar,Static,static/js/html5shiv.min.js,static/js/html5shiv.min.js,Match,,
ganganagar,Static,static/js/icheck.min.js,static/js/icheck.min.js,Match,,
ganganagar,Static,static/js/jQuery-2.1.4.min.js,static/js/jQuery-2.1.4.min.js,Match,,
ganganagar,Other,static/js/jquery-3.1.1.min.js.download,static/js/jquery-3.1.1.min.js.download,Match,,
ganganagar,Static,static/js/jquery-ui.js,static/js/jquery-ui.js,Match,,
ganganagar,Static,static/js/jquery.blueimp-gallery.min.js,static/js/jquery.blueimp-gallery.min.js,Match,,
ganganagar,Static,static/js/jquery.dataTables.min.js,static/js/jquery.dataTables.min.js,Match,,
ganganagar,Static,static/js/jquery.min.js,static/js/jquery.min.js,Match,,
ganganagar,Static,static/js/jquery.nicescroll.min.js,static/js/jquery.nicescroll.min.js,Match,,
ganganagar,Static,static/js/jquery.popupoverlay.js,static/js/jquery.popupoverlay.js,Match,,
ganganagar,Static,static/js/jquery.steps.min.js,static/js/jquery.steps.min.js,Match,,
ganganagar,Static,static/js/jquery.validate.min.js,static/js/jquery.validate.min.js,Match,,
ganganagar,Static,static/js/jszip.min.js,static/js/jszip.min.js,Match,,
ganganagar,Static,static/js/lightboxgallery-min.js,static/js/lightboxgallery-min.js,Match,,
ganganagar,Static,static/js/lightboxgallery.js,static/js/lightboxgallery.js,Match,,
ganganagar,Static,static/js/moment.min.js,static/js/moment.min.js,Match,,
ganganagar,Static,static/js/pdfmake.min.js,static/js/pdfmake.min.js,Match,,
ganganagar,Static,static/js/select2.full.min.js,static/js/select2.full.min.js,Match,,
ganganagar,Static,static/js/sweetalert2.all.min.js,static/js/sweetalert2.all.min.js,Match,,
ganganagar,Static,static/js/switchery.js,static/js/switchery.js,Match,,
ganganagar,Static,static/js/tesseract.min.js,(no combined file),Missing in combined,P1,
ganganagar,Static,static/js/time_counter.js,static/js/time_counter.js,Match,,
ganganagar,Static,static/js/tooltipster.bundle.min.js,static/js/tooltipster.bundle.min.js,Match,,
ganganagar,Static,static/js/vanilla-datetimerange-picker.js,static/js/vanilla-datetimerange-picker.js,Match,,
ganganagar,Static,static/js/vfs_fonts.js,static/js/vfs_fonts.js,Match,,
ganganagar,Other,static/known_persons/082c9844-02ae-4cae-9b1a-4c3dbccbdd64.png,(no combined file),Missing in combined,P1,
ganganagar,Other,static/known_persons/0e248046-1fe1-431c-83f2-794ae2fb4023.png,(no combined file),Missing in combined,P1,
ganganagar,Other,static/known_persons/2071d91c-0c54-47c6-97f9-b2ac482e4c82.png,(no combined file),Missing in combined,P1,
ganganagar,Other,static/known_persons/41669d5a-83c9-42d8-a2e2-8a41f82ec3cc.png,static/known_persons/41669d5a-83c9-42d8-a2e2-8a41f82ec3cc.png,Different,P1,
ganganagar,Other,static/known_persons/463ead8d-27f0-4c41-a8be-ce4ec39d73ff.png,(no combined file),Missing in combined,P1,
ganganagar,Other,static/known_persons/76f39afc-4ba2-4d2a-b641-c609df05eb4d.png,(no combined file),Missing in combined,P1,
ganganagar,Other,static/known_persons/7a040f42-c05c-4564-9029-c4e56491f687.png,(no combined file),Missing in combined,P1,
ganganagar,Other,static/known_persons/7a1068ea-73a0-494d-96f1-2c210e2f1c27.png,(no combined file),Missing in combined,P1,
ganganagar,Other,static/known_persons/9beb0cab-b537-444f-9d2d-e70916e5ef0c.png,(no combined file),Missing in combined,P1,
ganganagar,Other,static/known_persons/ManishM.png,(no combined file),Missing in combined,P1,
ganganagar,Other,static/known_persons/abb8ce31-2be6-4475-8751-b8bc10955d88.png,(no combined file),Missing in combined,P1,
ganganagar,Other,static/known_persons/bb3c19ce-911b-4709-8bcb-e498ec9bbdbd.png,(no combined file),Missing in combined,P1,
ganganagar,Other,static/known_persons/df1c4879-f245-4199-babc-a89360cc53e7.png,(no combined file),Missing in combined,P1,
ganganagar,Other,static/known_persons/e23ebf93-f92f-4142-9deb-a23f4a81baff.png,(no combined file),Missing in combined,P1,
ganganagar,Other,static/known_persons/f9556539-c085-451d-aaf1-f0e481f97d44.png,(no combined file),Missing in combined,P1,
ganganagar,Other,static/known_vehicles/17-56-35.371388_camera-1_KA51AF1973.jpg,(no combined file),Missing in combined,P1,
ganganagar,Other,static/models/face_expression_model-shard1,static/models/face_expression_model-shard1,Match,,
ganganagar,Other,static/models/face_expression_model-weights_manifest.json,static/models/face_expression_model-weights_manifest.json,Match,,
ganganagar,Other,static/models/face_landmark_68_model-shard1,static/models/face_landmark_68_model-shard1,Match,,
ganganagar,Other,static/models/face_landmark_68_model-weights_manifest.json,static/models/face_landmark_68_model-weights_manifest.json,Match,,
ganganagar,Other,static/models/face_landmark_68_tiny_model-shard1,static/models/face_landmark_68_tiny_model-shard1,Match,,
ganganagar,Other,static/models/face_landmark_68_tiny_model-weights_manifest.json,static/models/face_landmark_68_tiny_model-weights_manifest.json,Match,,
ganganagar,Other,static/models/face_recognition_model-shard1,static/models/face_recognition_model-shard1,Match,,
ganganagar,Other,static/models/face_recognition_model-shard2,static/models/face_recognition_model-shard2,Match,,
ganganagar,Other,static/models/face_recognition_model-weights_manifest.json,static/models/face_recognition_model-weights_manifest.json,Match,,
ganganagar,Other,static/models/tiny_face_detector_model-shard1,static/models/tiny_face_detector_model-shard1,Match,,
ganganagar,Other,static/models/tiny_face_detector_model-weights_manifest.json,static/models/tiny_face_detector_model-weights_manifest.json,Match,,
ganganagar,Template,templates/401.html,templates/sites/ganganagar/401.html,Match,,
ganganagar,Template,templates/404.html,templates/sites/ganganagar/404.html,Match,,
ganganagar,Template,templates/500.html,templates/sites/ganganagar/500.html,Match,,
ganganagar,Template,templates/aadhar_lookup.html,(no combined file),Missing in combined,P1,
ganganagar,Template,templates/add_trip.html,templates/sites/ganganagar/add_trip.html,Different,P0,
ganganagar,Template,templates/blacklist_alert.html,templates/blacklist_alert.html,Match,,
ganganagar,Template,templates/blacklisted_persons_list.html,templates/blacklisted_persons_list.html,Different,P0,
ganganagar,Template,templates/cam.html,(no combined file),Missing in combined,P1,
ganganagar,Template,templates/close_trip.html,templates/sites/ganganagar/close_trip.html,Match,,
ganganagar,Template,templates/components/trip_report_summary.html,templates/components/trip_report_summary.html,Match,,
ganganagar,Template,templates/components/trip_report_summary_script.html,templates/components/trip_report_summary_script.html,Match,,
ganganagar,Template,templates/components/trip_report_summary_styles.html,templates/components/trip_report_summary_styles.html,Match,,
ganganagar,Template,templates/enroll_blacklisted_person.html,templates/enroll_blacklisted_person.html,Match,,
ganganagar,Template,templates/faceapi.html,templates/faceapi.html,Different,P0,
ganganagar,Template,templates/home.html,templates/home.html,Match,,
ganganagar,Template,templates/known_person.html,templates/known_person.html,Different,P0,
ganganagar,Template,templates/known_vehicle.html,templates/sites/ganganagar/known_vehicle.html,Match,,
ganganagar,Template,templates/layout.html,templates/layout.html,Different,P0,
ganganagar,Template,templates/login.html,templates/login.html,Different,P0,
ganganagar,Template,templates/logout.html,templates/logout.html,Different,P0,
ganganagar,Template,templates/manual_face_verification.html,templates/manual_face_verification.html,Match,,
ganganagar,Template,templates/manual_face_verification_static.html,templates/manual_face_verification_static.html,Different,P0,
ganganagar,Template,templates/ocr-google-api.html,(no combined file),Missing in combined,P1,
ganganagar,Template,templates/ocr.html,(no combined file),Missing in combined,P1,
ganganagar,Template,templates/person_lookup.html,templates/sites/ganganagar/person_lookup.html,Match,,
ganganagar,Template,templates/person_lookup_result_list.html,templates/sites/ganganagar/person_lookup_result_list.html,Match,,
ganganagar,Template,templates/person_report.html,templates/sites/ganganagar/person_report.html,Match,,
ganganagar,Template,templates/recognize_person.html,templates/recognize_person.html,Match,,
ganganagar,Template,templates/recognize_trip.html,(no combined file),Missing in combined,P1,
ganganagar,Template,templates/recognize_vehicle.html,templates/sites/ganganagar/recognize_vehicle.html,Different,P0,
ganganagar,Template,templates/report_home.html,templates/sites/ganganagar/report_home.html,Match,,
ganganagar,Template,templates/reregister_face.html,templates/reregister_face.html,Match,,
ganganagar,Template,templates/static-recognize-vehicle.html,templates/static-recognize-vehicle.html,Different,P0,
ganganagar,Template,templates/static-recognize.html,templates/static-recognize.html,Different,P0,
ganganagar,Template,templates/static_trip_summary.html,templates/sites/ganganagar/static_trip_summary.html,Match,,
ganganagar,Template,templates/success_page.html,templates/success_page.html,Different,P0,
ganganagar,Template,templates/token_error.html,templates/token_error.html,Different,P0,
ganganagar,Template,templates/trip_report.html,templates/trip_report.html,Different,P0,
ganganagar,Template,templates/trip_summary.html,templates/sites/ganganagar/trip_summary.html,Different,P0,
ganganagar,Template,templates/unfinished_trips.html,templates/sites/ganganagar/unfinished_trips.html,Match,,
ganganagar,Template,templates/unknown_person.html,templates/unknown_person.html,Different,P0,
ganganagar,Template,templates/unknown_vehicle.html,templates/sites/ganganagar/unknown_vehicle.html,Match,,
ganganagar,Template,templates/vehicle_report.html,templates/sites/ganganagar/vehicle_report.html,Match,,
ganganagar,Other,translations/en/LC_MESSAGES/messages.mo,translations/en/LC_MESSAGES/messages.mo,Different,P1,
ganganagar,Other,translations/en/LC_MESSAGES/messages.po,translations/en/LC_MESSAGES/messages.po,Different,P1,
ganganagar,Other,translations/hi/LC_MESSAGES/messages.mo,translations/hi/LC_MESSAGES/messages.mo,Different,P1,
ganganagar,Other,translations/hi/LC_MESSAGES/messages.po,translations/hi/LC_MESSAGES/messages.po,Different,P1,
